title,first_price,price,discount_rate,product_rating,total_ratings
Waterproof Hanging Travel Makeup and Toiletry Bag and Organizer,$29.99,,,4.1,849 Ratings
Waterproof Hanging Travel Makeup and Toiletry Bag and Organizer,$29.99,,,4.1,849 Ratings
Chanel VIP Limited Edition Vanity Tray Organizer,$110.00,$90.00,18% discount_off,4.6,7 Ratings
Women Insert Handbag Purse Liner Organizer Bag Travel Tidy Bag,$30.00,$6.99,76% discount_off,3.4,7 Ratings
Waterproof Hanging Travel Toiletry Bag for Men and Women,$39.99,$13.99,65% discount_off,3.9,466 Ratings
Chanel Vip Gift Cosmetic Make-Up Brush Lipstick Holder,$95.00,$75.00,21% discount_off,3.7,11 Ratings
 chanel vip gift vanity tray makeup organizer,$200.00,$150.00,25% discount_off,5.0,13 Ratings
Travel Tote Handbag / Purse Insert Cosmetic Organizer,$19.99,$8.99,55% discount_off,5.0,1 Ratings
Hanging Travel Toiletry Bag Organizer Bathroom Makeup Case Hygiene Dopp Kit,$35.00,$6.99,80% discount_off,4.6,18 Ratings
Acrylic Cosmetics Storage Makeup Organizer Rack Case Jewelry Box,$46.99,$22.99,51% discount_off,4.6,222 Ratings
Chanel VIP Gift Organizer / Jewelry box / Tissue holder,$200.00,$110.00,45% discount_off,4.8,17 Ratings
Waterproof Hanging Travel Toiletry Bag Makeup Organizer Kit for Women Men,$100.00,$14.99,85% discount_off,3.8,23 Ratings
Portable Makeup Beauty Bag Multifunction Cosmetic Organizer Toiletry Tidy Bag,$49.99,$8.99,82% discount_off,4.3,219 Ratings
Slim Cosmetic Makeup Insert Organizers,$19.99,$7.99,60% discount_off,,
4 Tier Lockable Cosmetic Makeup Train Case with Extendable Trays Pink ,$149.99,$94.98,36% discount_off,5.0,2 Ratings
4-in-1 Aluminum Rolling Makeup Train Case Cosmetic Box Organizer,$180.00,$129.99,27% discount_off,4.3,34 Ratings
